{"v":"4.8.0","meta":{"g":"LottieFiles AE 3.0.2","a":"","k":"","d":"","tc":""},"fr":60,"ip":0,"op":120,"w":1920,"h":1920,"nm":"Comp 5","ddd":0,"assets":[],"layers":[{"ddd":0,"ind":1,"ty":4,"nm":"f/Untitled-1 Outlines","sr":1,"ks":{"o":{"a":0,"k":100,"ix":11},"r":{"a":0,"k":0,"ix":10},"p":{"a":1,"k":[{"i":{"x":0.833,"y":0.833},"o":{"x":0.167,"y":0.167},"t":0,"s":[554,966,0],"to":[0,0,0],"ti":[0,0,0]},{"i":{"x":0.667,"y":1},"o":{"x":0.167,"y":0.167},"t":60,"s":[554,966,0],"to":[0,-10.167,0],"ti":[0,0,0]},{"i":{"x":0.667,"y":1},"o":{"x":0.333,"y":0},"t":88.738,"s":[554,856,0],"to":[0,0,0],"ti":[0,0,0]},{"t":104.90625,"s":[554,966,0]}],"ix":2},"a":{"a":0,"k":[59,112,0],"ix":1},"s":{"a":0,"k":[105,105,100],"ix":6}},"ao":0,"shapes":[{"ty":"gr","it":[{"ind":0,"ty":"sh","ix":1,"ks":{"a":0,"k":{"i":[[-12.936,1.818],[0,0],[0,0],[-2.067,7.557],[-6.607,3.954],[-12.746,1.792],[-1.553,-11.046],[1.988,-2.818],[3.209,-0.449],[2.639,0.092],[3.14,-0.389],[1.406,-4.386],[-1.077,-7.648],[0,0],[0,0],[-1.248,-8.874],[3.679,-2.251],[6.892,-0.969],[0,0],[0,0],[3.071,-4.524],[5.38,-0.579],[3.993,3.443],[1.075,7.647],[0,0],[0,0],[3.48,2.159],[0.443,3.935]],"o":[[0,0],[0,0],[-1.698,-12.085],[1.975,-7.441],[6.858,-4.285],[22.564,-3.171],[0.549,3.405],[-1.755,2.724],[-2.628,0.255],[-3.163,-0.08],[-6.987,0.982],[-1.405,4.385],[0,0],[0,0],[14.729,-2.07],[0.889,6.326],[-3.68,2.251],[0,0],[0,0],[1.075,7.648],[-3.017,4.491],[-5.205,0.846],[-4.199,-3.502],[0,0],[0,0],[-5.76,0.809],[-3.4,-2.031],[-1.3,-9.25]],"v":[[-39.745,-39.12],[-30.536,-40.413],[-32.169,-52.031],[-31.615,-81.495],[-18.23,-99.266],[11.176,-108.381],[47.353,-96.568],[45.107,-86.861],[37.288,-81.863],[29.38,-81.618],[19.913,-81.154],[7.325,-73.103],[6.831,-55.053],[8.126,-45.844],[17.615,-47.178],[57.609,-45.465],[42.771,-26.867],[21.536,-19.277],[12.045,-17.943],[26.435,84.449],[23.441,102.706],[10.195,110.705],[-4.316,106.607],[-12.227,89.883],[-26.62,-12.518],[-37.24,-11.025],[-51.1,-13.049],[-57.197,-22.518]],"c":true},"ix":2},"nm":"Path 1","mn":"ADBE Vector Shape - Group","hd":false},{"ty":"fl","c":{"a":0,"k":[0.209412413952,0.1629522735,0.192743338791,1],"ix":4},"o":{"a":0,"k":100,"ix":5},"r":1,"bm":0,"nm":"Fill 1","mn":"ADBE Vector Graphic - Fill","hd":false},{"ty":"tr","p":{"a":0,"k":[58.748,111.802],"ix":2},"a":{"a":0,"k":[0,0],"ix":1},"s":{"a":0,"k":[100,100],"ix":3},"r":{"a":0,"k":0,"ix":6},"o":{"a":0,"k":100,"ix":7},"sk":{"a":0,"k":0,"ix":4},"sa":{"a":0,"k":0,"ix":5},"nm":"Transform"}],"nm":"Group 1","np":2,"cix":2,"bm":0,"ix":1,"mn":"ADBE Vector Group","hd":false}],"ip":0,"op":240,"st":0,"bm":0},{"ddd":0,"ind":2,"ty":4,"nm":"o1/Untitled-1 Outlines","sr":1,"ks":{"o":{"a":0,"k":100,"ix":11},"r":{"a":0,"k":0,"ix":10},"p":{"a":1,"k":[{"i":{"x":0.833,"y":0.833},"o":{"x":0.167,"y":0.167},"t":0,"s":[678,984,0],"to":[0,0,0],"ti":[0,0,0]},{"i":{"x":0.667,"y":1},"o":{"x":0.167,"y":0.167},"t":60,"s":[678,984,0],"to":[0,-10.5,0],"ti":[0,0,0]},{"i":{"x":0.667,"y":1},"o":{"x":0.333,"y":0},"t":83.35,"s":[678,881,0],"to":[0,0,0],"ti":[0,0,0]},{"t":99.517578125,"s":[678,984,0]}],"ix":2},"a":{"a":0,"k":[78.5,80,0],"ix":1},"s":{"a":0,"k":[105,105,100],"ix":6}},"ao":0,"shapes":[{"ty":"gr","it":[{"ind":0,"ty":"sh","ix":1,"ks":{"a":0,"k":{"i":[[0.001,15.737],[7.01,8.872],[11.828,-0.003],[5.956,-4],[3.148,-7.726],[0,-10.301],[-3.1,-7.63],[-5.77,-4.054],[-7.265,0.167],[-7.01,8.918]],"o":[[0,-15.928],[-7.009,-8.872],[-7.173,-0.135],[-5.819,3.958],[-3.147,7.726],[0,10.206],[3.101,7.63],[5.987,4.12],[11.827,0],[7.011,-8.918]],"v":[[38.56,-0.009],[28.044,-37.209],[-0.212,-50.512],[-20.382,-44.575],[-33.831,-27.049],[-38.551,-0.009],[-33.902,26.744],[-20.598,44.27],[-0.212,50.35],[28.044,36.973]],"c":true},"ix":2},"nm":"Path 1","mn":"ADBE Vector Shape - Group","hd":false},{"ind":1,"ty":"sh","ix":2,"ks":{"a":0,"k":{"i":[[0.128,-10.961],[3.71,-10.322],[6.977,-7.234],[9.272,-3.589],[10.99,0.167],[9.441,3.816],[6.939,7.121],[3.407,9.411],[-0.134,10.94],[-3.726,10.416],[-6.916,7.198],[-9.266,3.527],[-10.894,-0.133],[-10.27,-3.932],[-6.991,-7.14],[-3.377,-9.409]],"o":[[0.114,10.968],[-3.397,9.458],[-6.948,7.111],[-10.276,3.9],[-11.828,0],[-9.237,-3.678],[-6.966,-7.187],[-3.683,-10.302],[-0.129,-11.062],[3.36,-9.4],[6.946,-7.077],[10.186,-3.867],[10.997,-0.149],[9.319,3.608],[6.948,7.188],[3.68,10.326]],"v":[[77.76,-0.009],[72.324,32.181],[56.586,57.504],[31.973,73.742],[-0.215,79.393],[-32.117,73.67],[-56.651,57.289],[-72.387,32.109],[-77.753,-0.009],[-72.316,-32.484],[-56.727,-57.665],[-32.119,-73.76],[-0.218,-79.411],[31.973,-73.684],[56.724,-57.374],[72.39,-32.194]],"c":true},"ix":2},"nm":"Path 2","mn":"ADBE Vector Shape - Group","hd":false},{"ty":"mm","mm":1,"nm":"Merge Paths 1","mn":"ADBE Vector Filter - Merge","hd":false},{"ty":"fl","c":{"a":0,"k":[0.209412413952,0.1629522735,0.192743338791,1],"ix":4},"o":{"a":0,"k":100,"ix":5},"r":1,"bm":0,"nm":"Fill 1","mn":"ADBE Vector Graphic - Fill","hd":false},{"ty":"tr","p":{"a":0,"k":[78.137,79.81],"ix":2},"a":{"a":0,"k":[0,0],"ix":1},"s":{"a":0,"k":[100,100],"ix":3},"r":{"a":0,"k":0,"ix":6},"o":{"a":0,"k":100,"ix":7},"sk":{"a":0,"k":0,"ix":4},"sa":{"a":0,"k":0,"ix":5},"nm":"Transform"}],"nm":"Group 1","np":4,"cix":2,"bm":0,"ix":1,"mn":"ADBE Vector Group","hd":false}],"ip":0,"op":240,"st":0,"bm":0},{"ddd":0,"ind":3,"ty":4,"nm":"u/Untitled-1 Outlines","sr":1,"ks":{"o":{"a":0,"k":100,"ix":11},"r":{"a":0,"k":0,"ix":10},"p":{"a":1,"k":[{"i":{"x":0.833,"y":0.833},"o":{"x":0.167,"y":0.167},"t":0,"s":[848,980,0],"to":[0,0,0],"ti":[0,0,0]},{"i":{"x":0.667,"y":1},"o":{"x":0.167,"y":0.167},"t":60,"s":[848,980,0],"to":[0,-11.5,0],"ti":[0,0,0]},{"i":{"x":0.667,"y":1},"o":{"x":0.333,"y":0},"t":77.961,"s":[848,858,0],"to":[0,0,0],"ti":[0,0,0]},{"t":94.126953125,"s":[848,980,0]}],"ix":2},"a":{"a":0,"k":[70,80,0],"ix":1},"s":{"a":0,"k":[105,105,100],"ix":6}},"ao":0,"shapes":[{"ty":"gr","it":[{"ind":0,"ty":"sh","ix":1,"ks":{"a":0,"k":{"i":[[0,6.962],[0,0],[5.491,-4.35],[6.111,-1.96],[7.073,0.108],[7.858,3.998],[4.155,6.919],[0,15.547],[0,0],[-3.528,3.863],[-5.818,-0.001],[-3.624,-3.911],[0,-7.725],[0,0],[-1.668,-7.489],[-3.958,-3.482],[-6.778,0.001],[-5.461,3.799],[-2.634,6.249],[0,18.693],[0,0],[-3.625,3.91],[-5.349,-0.196],[-3.529,-3.863],[0.001,-7.821],[0,0],[3.386,-3.72],[4.973,0.157],[3.334,3.798]],"o":[[0,0],[-4.295,5.534],[-5.055,3.955],[-6.77,2.052],[-8.816,0.146],[-7.202,-3.644],[-4.867,-8.298],[0,0],[0,-7.821],[3.529,-3.863],[5.914,0],[3.625,3.91],[0,0],[-0.148,7.67],[1.525,6.152],[3.958,3.481],[6.651,-0.021],[5.664,-3.729],[2.193,-5.533],[0,0],[0,-7.725],[3.645,-3.921],[5.819,0],[3.529,3.863],[0,0],[0,7.439],[-3.33,3.696],[-5.052,0.127],[-3.483,-3.864]],"v":[[32.977,57.389],[32.977,52.382],[18.243,67.261],[1.361,76.203],[-19.529,79.136],[-44.921,73.27],[-62.304,57.103],[-69.605,21.337],[-69.605,-56.064],[-64.312,-73.59],[-50.291,-79.383],[-35.984,-73.518],[-30.546,-56.064],[-30.546,6.456],[-28.257,29.275],[-20.032,43.725],[-3.928,48.945],[14.671,43.079],[27.399,27.775],[30.69,-8.564],[30.69,-56.064],[36.126,-73.518],[50.29,-79.383],[64.311,-73.59],[69.604,-56.064],[69.604,57.103],[64.526,73.842],[51.434,79.422],[38.201,73.628]],"c":true},"ix":2},"nm":"Path 1","mn":"ADBE Vector Shape - Group","hd":false},{"ty":"fl","c":{"a":0,"k":[0.209412413952,0.1629522735,0.192743338791,1],"ix":4},"o":{"a":0,"k":100,"ix":5},"r":1,"bm":0,"nm":"Fill 1","mn":"ADBE Vector Graphic - Fill","hd":false},{"ty":"tr","p":{"a":0,"k":[69.855,79.829],"ix":2},"a":{"a":0,"k":[0,0],"ix":1},"s":{"a":0,"k":[100,100],"ix":3},"r":{"a":0,"k":0,"ix":6},"o":{"a":0,"k":100,"ix":7},"sk":{"a":0,"k":0,"ix":4},"sa":{"a":0,"k":0,"ix":5},"nm":"Transform"}],"nm":"Group 1","np":2,"cix":2,"bm":0,"ix":1,"mn":"ADBE Vector Group","hd":false}],"ip":0,"op":240,"st":0,"bm":0},{"ddd":0,"ind":4,"ty":4,"nm":"i/Untitled-1 Outlines","sr":1,"ks":{"o":{"a":0,"k":100,"ix":11},"r":{"a":0,"k":0,"ix":10},"p":{"a":1,"k":[{"i":{"x":0.833,"y":0.833},"o":{"x":0.167,"y":0.167},"t":0,"s":[1142,972,0],"to":[0,0,0],"ti":[0,0,0]},{"i":{"x":0.667,"y":1},"o":{"x":0.167,"y":0.167},"t":60,"s":[1142,972,0],"to":[0,-14,0],"ti":[0,0,0]},{"i":{"x":0.667,"y":1},"o":{"x":0.333,"y":0},"t":77.961,"s":[1142,853,0],"to":[0,0,0],"ti":[0,0,0]},{"t":94.126953125,"s":[1142,972,0]}],"ix":2},"a":{"a":0,"k":[20,108.5,0],"ix":1},"s":{"a":0,"k":[105,105,100],"ix":6}},"ao":0,"shapes":[{"ty":"gr","it":[{"ind":0,"ty":"sh","ix":1,"ks":{"a":0,"k":{"i":[[5.027,0.089],[3.882,3.353],[0,6.126],[-3.919,3.462],[-5.137,-0.049],[-3.765,-3.197],[0,-6.221],[3.828,-3.397]],"o":[[-5.128,0.12],[-3.876,-3.349],[-0.141,-5.227],[3.756,-3.505],[4.938,-0.048],[3.924,3.254],[0,6.029],[-3.738,3.364]],"v":[[0.287,-69.685],[-13.713,-74.708],[-19.527,-88.921],[-13.566,-102.631],[0.288,-108.014],[13.782,-103.133],[19.668,-88.921],[13.926,-74.781]],"c":true},"ix":2},"nm":"Path 1","mn":"ADBE Vector Shape - Group","hd":false},{"ind":1,"ty":"sh","ix":2,"ks":{"a":0,"k":{"i":[[0,-6.986],[0,0],[3.734,-4.019],[5.388,0.151],[3.491,4.073],[0,7.656],[0,0],[-3.589,3.924],[-5.304,-0.187],[-3.678,-3.902]],"o":[[0,0],[0,7.848],[-3.635,3.979],[-5.361,0.17],[-3.589,-4.115],[0,0],[0,-7.752],[3.577,-3.921],[5.361,-0.159],[3.733,3.924]],"v":[[19.666,-29.202],[19.666,84.063],[14.066,101.863],[-0.145,107.893],[-14.145,101.72],[-19.527,84.063],[-19.527,-28.053],[-14.145,-45.568],[-0.145,-51.454],[14.067,-45.568]],"c":true},"ix":2},"nm":"Path 2","mn":"ADBE Vector Shape - Group","hd":false},{"ty":"mm","mm":1,"nm":"Merge Paths 1","mn":"ADBE Vector Filter - Merge","hd":false},{"ty":"fl","c":{"a":0,"k":[0.209412413952,0.1629522735,0.192743338791,1],"ix":4},"o":{"a":0,"k":100,"ix":5},"r":1,"bm":0,"nm":"Fill 1","mn":"ADBE Vector Graphic - Fill","hd":false},{"ty":"tr","p":{"a":0,"k":[19.917,108.313],"ix":2},"a":{"a":0,"k":[0,0],"ix":1},"s":{"a":0,"k":[100,100],"ix":3},"r":{"a":0,"k":0,"ix":6},"o":{"a":0,"k":100,"ix":7},"sk":{"a":0,"k":0,"ix":4},"sa":{"a":0,"k":0,"ix":5},"nm":"Transform"}],"nm":"Group 1","np":4,"cix":2,"bm":0,"ix":1,"mn":"ADBE Vector Group","hd":false}],"ip":0,"op":240,"st":0,"bm":0},{"ddd":0,"ind":5,"ty":4,"nm":"t/Untitled-1 Outlines","sr":1,"ks":{"o":{"a":0,"k":100,"ix":11},"r":{"a":0,"k":0,"ix":10},"p":{"a":1,"k":[{"i":{"x":0.833,"y":0.833},"o":{"x":0.167,"y":0.167},"t":0,"s":[1242,960,0],"to":[0,0,0],"ti":[0,0,0]},{"i":{"x":0.667,"y":1},"o":{"x":0.167,"y":0.167},"t":60,"s":[1242,960,0],"to":[0,-12.667,0],"ti":[0,0,0]},{"i":{"x":0.667,"y":1},"o":{"x":0.333,"y":0},"t":83.35,"s":[1242,848,0],"to":[0,0,0],"ti":[0,0,0]},{"t":99.517578125,"s":[1242,960,0]}],"ix":2},"a":{"a":0,"k":[80.5,106.5,0],"ix":1},"s":{"a":0,"k":[105,105,100],"ix":6}},"ao":0,"shapes":[{"ty":"gr","it":[{"ind":0,"ty":"sh","ix":1,"ks":{"a":0,"k":{"i":[[-5.911,0],[0,0],[0,0],[-0.333,3.574],[-1.604,2.829],[-2.734,1.543],[-3.361,-0.045],[-3.58,-3.544],[-0.67,-3.495],[0.114,-5.099],[0,0],[0,0],[-4.809,-8.328],[7.723,0],[0,0],[0,0],[-0.498,-4.678],[-1.947,-2.249],[-4.195,0],[-3.054,0.704],[-3.083,0.112],[-2.194,-2.38],[0.083,-3.512],[6.867,-3.337],[12.867,0],[6.292,4.1],[1.807,7.042],[0,12.109],[0,0],[0,0],[2.956,2.666],[-0.1,3.876],[-3.025,2.462]],"o":[[0,0],[0,0],[0,-6.293],[0.231,-3.244],[1.573,-2.717],[2.91,-1.681],[5.037,0.031],[2.627,2.401],[0.828,5.033],[0,0],[0,0],[5.53,0],[0,14.962],[0,0],[0,0],[-0.07,4.704],[0.286,2.961],[1.86,2.05],[3.132,-0.104],[3.005,-0.697],[3.237,0.039],[2.502,2.465],[0,6.293],[-6.867,3.337],[-12.204,0],[-6.142,-3.89],[-1.954,-7.246],[0,0],[0,0],[-5.625,0],[-2.91,-2.562],[-0.093,-3.899],[3.099,-2.622]],"v":[[-61.535,-49.391],[-57.245,-49.391],[-57.245,-72.844],[-56.745,-87.645],[-53.956,-96.868],[-47.377,-103.376],[-37.795,-105.876],[-24.352,-100.298],[-19.275,-91.217],[-18.202,-75.986],[-18.202,-49.386],[-3.902,-49.386],[79.798,-45.453],[-10.909,-21.212],[-18.202,-21.212],[-18.202,50.576],[-17.558,64.663],[-14.126,72.671],[-5.045,75.746],[4.255,74.53],[13.408,73.314],[21.917,77.104],[25.707,86.471],[15.407,100.915],[-14.193,105.921],[-41.937,99.77],[-54.313,82.753],[-57.245,53.72],[-57.245,-21.217],[-62.393,-21.217],[-75.264,-25.217],[-79.698,-35.375],[-75.05,-45.457]],"c":true},"ix":2},"nm":"Path 1","mn":"ADBE Vector Shape - Group","hd":false},{"ty":"fl","c":{"a":0,"k":[0.209412413952,0.1629522735,0.192743338791,1],"ix":4},"o":{"a":0,"k":100,"ix":5},"r":1,"bm":0,"nm":"Fill 1","mn":"ADBE Vector Graphic - Fill","hd":false},{"ty":"tr","p":{"a":0,"k":[80.048,106.171],"ix":2},"a":{"a":0,"k":[0,0],"ix":1},"s":{"a":0,"k":[100,100],"ix":3},"r":{"a":0,"k":0,"ix":6},"o":{"a":0,"k":100,"ix":7},"sk":{"a":0,"k":0,"ix":4},"sa":{"a":0,"k":0,"ix":5},"nm":"Transform"}],"nm":"Group 1","np":2,"cix":2,"bm":0,"ix":1,"mn":"ADBE Vector Group","hd":false}],"ip":0,"op":240,"st":0,"bm":0},{"ddd":0,"ind":6,"ty":4,"nm":"o2/Untitled-1 Outlines","sr":1,"ks":{"o":{"a":0,"k":100,"ix":11},"r":{"a":0,"k":0,"ix":10},"p":{"a":1,"k":[{"i":{"x":0.833,"y":0.833},"o":{"x":0.167,"y":0.167},"t":0,"s":[1348,992,0],"to":[0,0,0],"ti":[0,0,0]},{"i":{"x":0.667,"y":1},"o":{"x":0.167,"y":0.167},"t":60,"s":[1348,992,0],"to":[0,-11,0],"ti":[0,0,0]},{"i":{"x":0.667,"y":1},"o":{"x":0.333,"y":0},"t":88.738,"s":[1348,878,0],"to":[0,0,0],"ti":[0,0,0]},{"t":104.90625,"s":[1348,992,0]}],"ix":2},"a":{"a":0,"k":[78.5,80,0],"ix":1},"s":{"a":0,"k":[105,105,100],"ix":6}},"ao":0,"shapes":[{"ty":"gr","it":[{"ind":0,"ty":"sh","ix":1,"ks":{"a":0,"k":{"i":[[0.001,15.737],[7.01,8.872],[11.828,-0.003],[5.956,-4],[3.148,-7.726],[0,-10.301],[-3.1,-7.63],[-5.77,-4.054],[-7.265,0.167],[-7.01,8.918]],"o":[[0,-15.928],[-7.009,-8.872],[-7.173,-0.135],[-5.819,3.958],[-3.147,7.726],[0,10.206],[3.101,7.63],[5.987,4.12],[11.827,0],[7.011,-8.918]],"v":[[38.623,-0.009],[28.108,-37.209],[-0.148,-50.512],[-20.319,-44.575],[-33.768,-27.049],[-38.488,-0.009],[-33.839,26.744],[-20.534,44.27],[-0.148,50.35],[28.108,36.973]],"c":true},"ix":2},"nm":"Path 1","mn":"ADBE Vector Shape - Group","hd":false},{"ind":1,"ty":"sh","ix":2,"ks":{"a":0,"k":{"i":[[0.128,-10.961],[3.71,-10.322],[6.977,-7.234],[9.272,-3.589],[10.99,0.167],[9.441,3.816],[6.939,7.121],[3.407,9.411],[-0.134,10.94],[-3.726,10.416],[-6.916,7.198],[-9.266,3.527],[-10.894,-0.133],[-10.27,-3.932],[-6.991,-7.14],[-3.377,-9.409]],"o":[[0.114,10.968],[-3.397,9.458],[-6.948,7.111],[-10.276,3.9],[-11.828,0],[-9.237,-3.678],[-6.966,-7.187],[-3.683,-10.302],[-0.129,-11.062],[3.36,-9.4],[6.946,-7.077],[10.186,-3.867],[10.997,-0.149],[9.319,3.608],[6.948,7.188],[3.68,10.326]],"v":[[77.823,-0.009],[72.387,32.181],[56.649,57.504],[32.037,73.742],[-0.152,79.393],[-32.053,73.67],[-56.588,57.289],[-72.324,32.109],[-77.69,-0.009],[-72.253,-32.484],[-56.663,-57.665],[-32.056,-73.76],[-0.155,-79.411],[32.037,-73.684],[56.787,-57.374],[72.453,-32.194]],"c":true},"ix":2},"nm":"Path 2","mn":"ADBE Vector Shape - Group","hd":false},{"ty":"mm","mm":1,"nm":"Merge Paths 1","mn":"ADBE Vector Filter - Merge","hd":false},{"ty":"fl","c":{"a":0,"k":[0.209412413952,0.1629522735,0.192743338791,1],"ix":4},"o":{"a":0,"k":100,"ix":5},"r":1,"bm":0,"nm":"Fill 1","mn":"ADBE Vector Graphic - Fill","hd":false},{"ty":"tr","p":{"a":0,"k":[78.074,79.81],"ix":2},"a":{"a":0,"k":[0,0],"ix":1},"s":{"a":0,"k":[100,100],"ix":3},"r":{"a":0,"k":0,"ix":6},"o":{"a":0,"k":100,"ix":7},"sk":{"a":0,"k":0,"ix":4},"sa":{"a":0,"k":0,"ix":5},"nm":"Transform"}],"nm":"Group 1","np":6,"cix":2,"bm":0,"ix":1,"mn":"ADBE Vector Group","hd":false}],"ip":0,"op":240,"st":0,"bm":0},{"ddd":0,"ind":7,"ty":4,"nm":"Shape Layer 2","parent":8,"td":1,"sr":1,"ks":{"o":{"a":0,"k":100,"ix":11},"r":{"a":0,"k":0,"ix":10},"p":{"a":1,"k":[{"i":{"x":0.833,"y":0.833},"o":{"x":0.167,"y":0.167},"t":0,"s":[104.262,248.667,0],"to":[0,-68,0],"ti":[0,68,0]},{"t":60,"s":[104.262,-159.333,0]}],"ix":2},"a":{"a":0,"k":[84,-239.143,0],"ix":1},"s":{"a":0,"k":[95.238,186.38,100],"ix":6}},"ao":0,"shapes":[{"ty":"gr","it":[{"ty":"rc","d":1,"s":{"a":0,"k":[680,252],"ix":2},"p":{"a":0,"k":[0,0],"ix":3},"r":{"a":0,"k":0,"ix":4},"nm":"Rectangle Path 1","mn":"ADBE Vector Shape - Rect","hd":false},{"ty":"gf","o":{"a":0,"k":100,"ix":10},"r":1,"bm":0,"g":{"p":3,"k":{"a":0,"k":[0,1,1,1,0.5,1,1,1,1,1,1,1,0,0,0.5,0.5,1,1],"ix":9}},"s":{"a":0,"k":[4,124],"ix":5},"e":{"a":0,"k":[4,-12],"ix":6},"t":1,"nm":"Gradient Fill 1","mn":"ADBE Vector Graphic - G-Fill","hd":false},{"ty":"tr","p":{"a":0,"k":[80,-246],"ix":2},"a":{"a":0,"k":[0,0],"ix":1},"s":{"a":0,"k":[100,100],"ix":3},"r":{"a":0,"k":0,"ix":6},"o":{"a":0,"k":100,"ix":7},"sk":{"a":0,"k":0,"ix":4},"sa":{"a":0,"k":0,"ix":5},"nm":"Transform"}],"nm":"Rectangle 1","np":3,"cix":2,"bm":0,"ix":1,"mn":"ADBE Vector Group","hd":false}],"ip":0,"op":240,"st":0,"bm":0},{"ddd":0,"ind":8,"ty":4,"nm":"g/Untitled-1 Outlines","tt":2,"sr":1,"ks":{"o":{"a":0,"k":100,"ix":11},"r":{"a":0,"k":0,"ix":10},"p":{"a":1,"k":[{"i":{"x":0.95,"y":0.958},"o":{"x":0.79,"y":0},"t":10,"s":[1018,109,0],"to":[0,141.167,0],"ti":[0,-141.167,0]},{"t":60,"s":[1018,956,0]}],"ix":2},"a":{"a":0,"k":[79.5,113,0],"ix":1},"s":{"a":0,"k":[105,105,100],"ix":6}},"ao":0,"shapes":[{"ind":0,"ty":"sh","ix":1,"ks":{"a":0,"k":{"i":[[0,-16.232],[-7.177,-8.414],[-11.383,0.002],[-5.734,3.541],[-3.761,7.276],[0,10.391],[7.276,9.2],[11.878,0.008],[6.978,-8.81]],"o":[[0,16.432],[7.176,8.414],[6.739,-0.002],[5.989,-3.613],[3.761,-7.276],[0,-16.533],[-7.275,-9.2],[-11.581,0],[-6.979,8.81]],"v":[[41.086,81.472],[51.851,118.74],[79.69,131.358],[98.769,125.939],[113.394,109.606],[119.036,83.105],[108.123,44.505],[79.394,30.693],[51.554,43.908]],"c":true},"ix":2},"nm":"Path 1","mn":"ADBE Vector Shape - Group","hd":false},{"ind":1,"ty":"sh","ix":2,"ks":{"a":0,"k":{"i":[[-0.001,-9.602],[0,0],[2.871,-9.7],[6.56,-6.723],[10.247,-3.07],[15.243,0.003],[10.988,3.91],[5.942,6.184],[0,6.533],[-3.362,3.107],[-4.513,-0.092],[-4.454,-5.246],[-2.326,-2.722],[-2.87,-1.974],[-3.626,-0.798],[-4.593,0.059],[-5.79,2.92],[-2.325,5.246],[-0.353,5.814],[-0.198,13.264],[8.592,-4.943],[11.285,0],[10.146,6.929],[5.444,12.472],[0,16.333],[-3.446,10.642],[-6.402,7.189],[-8.098,3.471],[-9.067,-0.105],[-8.414,-4.404],[-7.226,-9.404],[0,0],[-3.467,3.861],[-5.094,-0.152],[-2.573,-5.098]],"o":[[0,0],[0,13.462],[-2.498,9.055],[-6.333,6.333],[-10.247,3.07],[-13.956,0],[-10.987,-3.91],[-5.94,-6.186],[-0.157,-4.576],[3.292,-3.089],[5.939,0],[2.178,2.673],[2.254,2.657],[3.096,2.049],[4.483,0.996],[10.493,0],[5.791,-2.92],[2.347,-5.331],[0.397,-5.989],[-5.63,8.158],[-8.166,4.553],[-13.562,0],[-10.146,-6.929],[-5.447,-12.479],[-0.152,-11.185],[2.948,-9.163],[5.889,-6.552],[8.37,-3.484],[11.482,0],[8.414,4.405],[0,0],[0,-7.028],[3.372,-3.821],[7.819,0],[2.573,5.098]],"v":[[158.536,30.099],[158.536,147.842],[154.23,182.586],[140.422,206.639],[115.552,220.744],[77.318,225.344],[39.902,219.479],[14.509,204.338],[5.6,185.258],[10.648,173.158],[22.823,168.481],[38.413,176.35],[45.169,184.442],[52.89,191.42],[63.061,195.726],[76.721,197.137],[101.146,192.757],[113.32,180.508],[117.403,163.658],[118.295,134.779],[96.694,154.679],[67.519,161.509],[31.958,151.116],[8.573,122.016],[0.402,78.799],[5.377,45.837],[19.557,21.037],[40.789,5.822],[67.218,0.7],[97.062,7.307],[120.522,28.02],[120.522,22.526],[125.722,6.193],[139.085,0.402],[154.675,8.049]],"c":true},"ix":2},"nm":"Path 2","mn":"ADBE Vector Shape - Group","hd":false},{"ty":"mm","mm":1,"nm":"Merge Paths 1","mn":"ADBE Vector Filter - Merge","hd":false},{"ty":"fl","c":{"a":0,"k":[0.983917715035,0.176457812739,0.195842114617,1],"ix":4},"o":{"a":0,"k":100,"ix":5},"r":1,"bm":0,"nm":"Fill 1","mn":"ADBE Vector Graphic - Fill","hd":false}],"ip":0,"op":240,"st":0,"bm":0}],"markers":[]}